,Class,Order,Family,Genus,count_in_fasta,missing_in_fasta
0,Chromadorea,Araeolaimida,Axonolaimidae,Odontophora,17,False
1,Chromadorea,Araeolaimida,Comesomatidae,Comesomoides,0,True
2,Chromadorea,Chromadorida,Chromadoridae,Chromadorella,8,False
3,Chromadorea,Chromadorida,Chromadoridae,Chromadorita,101,False
4,Chromadorea,Chromadorida,Chromadoridae,Endeolophos,2,False
5,Chromadorea,Chromadorida,Chromadoridae,Innocuonema,6,False
6,Chromadorea,Chromadorida,Chromadoridae,Neochromadora,29,False
7,Chromadorea,Chromadorida,Chromadoridae,Spilophorella,10,False
8,Chromadorea,Chromadorida,Chromadoridae,Karkinochromadora,0,True
9,Chromadorea,Chromadorida,Cyatholaimidae,Marylynnia,11,False
10,Chromadorea,Desmodorida,Desmodoridae,Chromaspirina,11,False
11,Chromadorea,Desmodorida,Desmodoridae,Desmodora,40,False
12,Chromadorea,Desmodorida,Desmodoridae,Metachromadora,29,False
13,Chromadorea,Desmodorida,Desmodoridae,Molgolaimus,5,False
14,Chromadorea,Desmodorida,Desmodoridae,Paradesmodora,12,False
15,Chromadorea,Desmodorida,Desmodoridae,Perspiria,1,False
16,Chromadorea,Desmodorida,Draconematidae,Apenodraconema,0,True
17,Chromadorea,Desmodorida,Draconematidae,Dracograllus,6,False
18,Chromadorea,Desmodorida,Epsilonematidae,Akanthepsilonema,0,True
19,Chromadorea,Desmodorida,Epsilonematidae,Epsilonema,3,False
20,Chromadorea,Desmodorida,Epsilonematidae,Glochinema,0,True
21,Chromadorea,Desmodorida,Epsilonematidae,Metaglochinema,0,True
22,Chromadorea,Desmodorida,Epsilonematidae,Metepsilonema,0,True
23,Chromadorea,Desmodorida,Epsilonematidae,Perepsilonema,7,False
24,Chromadorea,Desmodorida,Richtersiidae,Richtersia,9,False
25,Chromadorea,Desmodorida,Desmodoridae,Pseudochromadora,22,False
26,Chromadorea,Desmodorida,Desmodoridae,Spirinia,26,False
27,Chromadorea,Desmoscolecida,Desmoscolecidae,Desmoscolex,20,False
28,Chromadorea,Desmoscolecida,Desmoscolecidae,Greeffiella,2,False
29,Chromadorea,Desmoscolecida,Desmoscolecidae,Tricoma,7,False
30,Chromadorea,Monhysterida,Linhomoeidae,Disconema,0,True
31,Chromadorea,Monhysterida,Linhomoeidae,Linhomoeus,11,False
32,Chromadorea,Monhysterida,Linhomoeidae,Metalinhomoeus,14,False
33,Chromadorea,Monhysterida,Monhysteridae,Halomonhystera,294,False
34,Chromadorea,Monhysterida,Sphaerolaimidae,Doliolaimus,0,True
35,Chromadorea,Monhysterida,Xyalidae,Amphimonhystrella,1,False
36,Chromadorea,Monhysterida,Xyalidae,Cobbia,2,False
37,Chromadorea,Monhysterida,Xyalidae,Daptonema,123,False
38,Chromadorea,Monhysterida,Xyalidae,Elzalia,1,False
39,Chromadorea,Monhysterida,Xyalidae,Linhystera,1,False
40,Chromadorea,Monhysterida,Xyalidae,Manganonema,1,False
41,Chromadorea,Monhysterida,Xyalidae,Metadesmolaimus,9,False
42,Chromadorea,Monhysterida,Xyalidae,Omicronema,3,False
43,Chromadorea,Monhysterida,Xyalidae,Paramonohystera,8,False
44,Chromadorea,Monhysterida,Linhomoeidae,Terschellingia,194,False
45,Chromadorea,Monhysterida,Monhysteridae,Thalassomonhystera,1,False
46,Chromadorea,Monhysterida,Xyalidae,Xyala,4,False
47,Chromadorea,Plectida,Camacolaimidae,Diodontolaimus,0,True
48,Chromadorea,Plectida,Ceramonematidae,Pselionema,3,False
49,Chromadorea,Plectida,Leptolaimidae,Leptolaimus,33,False
50,Chromadorea,Araeolaimida,Axonolaimidae,Axonolaimus,38,False
51,Chromadorea,Araeolaimida,Comesomatidae,Paracomesoma,26,False
52,Chromadorea,Araeolaimida,Comesomatidae,Sabatieria,314,False
53,Chromadorea,Araeolaimida,Comesomatidae,Setosabatieria,18,False
54,Chromadorea,Chromadorida,Chromadoridae,Acantholaimus,18,False
55,Chromadorea,Chromadorida,Chromadoridae,Actinonema,4,False
56,Chromadorea,Chromadorida,Chromadoridae,Euchromadora,15,False
57,Chromadorea,Chromadorida,Cyatholaimidae,Paracanthonchus,79,False
58,Chromadorea,Desmodorida,Draconematidae,Cephalochaetosoma,0,True
59,Chromadorea,Desmodorida,Draconematidae,Dinetia,0,True
60,Chromadorea,Desmodorida,Epsilonematidae,Leptepsilonema,1,False
61,Chromadorea,Desmodorida,Microlaimidae,Aponema,3,False
62,Chromadorea,Desmodorida,Microlaimidae,Calomicrolaimus,7,False
63,Chromadorea,Desmodorida,Microlaimidae,Microlaimus,39,False
64,Chromadorea,Desmodorida,Desmodoridae,Psammonema,0,True
65,Chromadorea,Desmoscolecida,Cyartonematidae,Cyartonema,5,False
66,Chromadorea,Desmoscolecida,Desmoscolecoidae,Calligyrus,0,True
67,Chromadorea,Monhysterida,Monhysteridae,Monhystera,29,False
68,Chromadorea,Monhysterida,Xyalidae,Marisalbinema,0,True
69,Chromadorea,Monhysterida,Xyalidae,Promonhystera,3,False
70,Chromadorea,Monhysterida,Xyalidae,Theristus,83,False
71,Chromadorea,Plectida,Camacolaimidae,Deontolaimus,9,False
72,Enoplea,Enoplida,Anticomidae,Odontanticoma,0,True
73,Enoplea,Enoplida,Ironidae,Thalassironus,1,False
74,Enoplea,Enoplida,Oxystominidae,Halalaimus,94,False
75,Enoplea,Enoplida,Oxystominidae,Litinium,11,False
76,Enoplea,Enoplida,Oxystominidae,Oxystomina,51,False
77,Enoplea,Enoplida,Phanodermatidae,Crenopharynx,3,False
78,Enoplea,Enoplida,Rhabdolaimidae,Syringolaimus,52,False
79,Enoplea,Enoplida,Thoracostomopsidae,Paramesacanthion,50,False
80,Enoplea,Enoplida,Thoracostomopsidae,Trileptium,3,False
81,Enoplea,Enoplida,Oncholaimidae,Viscosia,64,False
82,Enoplea,Enoplida,Enchelidiidae,Bathyeurystomina,10,False
83,Enoplea,Enoplida,Oncholaimidae,Metoncholaimus,12,False
84,Enoplea,Enoplida,Oncholaimidae,Oncholaimus,130,False
85,Enoplea,Enoplida,Oncholaimidae,Prooncholaimus,10,False
